{
    "课程目标1": {
        "平时成绩_平均值": 88.7,
        "平时成绩_达成度": 0.887,
        "期末考试_平均值": 32.67,
        "期末考试_达成度": 0.8167500000000001
    },
    "课程目标2": {
        "期末考试_平均值": 26.99,
        "期末考试_达成度": 0.8178787878787879
    },
    "课程目标3": {
        "上机成绩_平均值": 17.42,
        "上机成绩_达成度": 0.8710000000000001,
        "期末考试_平均值": 21.57,
        "期末考试_达成度": 0.798888888888889
    },
    "课程目标4": {
        "上机成绩_平均值": 69.68,
        "上机成绩_达成度": 0.8710000000000001
    },
    "总成绩": {
        "平均值": 83.071,
        "中位值": 82.94,
        "标准差": 1.5847078244549948,
        "最高分": 85.66,
        "最低分": 80.63
    },
    "人数统计": {
        "总人数": 10,
        "未参加考试人数": 0,
        "参加考试人数": 10
    },
    "成绩分布": {
        "优秀": {
            "人数": 0,
            "占比": 0.0
        },
        "良好": {
            "人数": 10,
            "占比": 100.0
        },
        "中等": {
            "人数": 0,
            "占比": 0.0
        },
        "及格": {
            "人数": 0,
            "占比": 0.0
        },
        "不及格": {
            "人数": 0,
            "占比": 0.0
        }
    }
}