{
    "课程目标1": {
        "平时成绩_平均值": 86.5,
        "平时成绩_达成度": 0.865,
        "期末考试_平均值": 33.03,
        "期末考试_达成度": 0.82575
    },
    "课程目标2": {
        "期末考试_平均值": 27.28,
        "期末考试_达成度": 0.8266666666666667
    },
    "课程目标3": {
        "上机成绩_平均值": 17.639999999999997,
        "上机成绩_达成度": 0.8819999999999999,
        "期末考试_平均值": 21.829999999999995,
        "期末考试_达成度": 0.8085185185185184
    },
    "课程目标4": {
        "上机成绩_平均值": 70.55999999999999,
        "上机成绩_达成度": 0.8819999999999999
    },
    "总成绩": {
        "平均值": 83.873,
        "中位值": 83.82,
        "标准差": 1.7261585481447936,
        "最高分": 87.76,
        "最低分": 81.94
    },
    "人数统计": {
        "总人数": 10,
        "未参加考试人数": 0,
        "参加考试人数": 10
    },
    "成绩分布": {
        "优秀": {
            "人数": 0,
            "占比": 0.0
        },
        "良好": {
            "人数": 10,
            "占比": 100.0
        },
        "中等": {
            "人数": 0,
            "占比": 0.0
        },
        "及格": {
            "人数": 0,
            "占比": 0.0
        },
        "不及格": {
            "人数": 0,
            "占比": 0.0
        }
    }
}