{
    "目标1": {
        "平时成绩_平均值": 0,
        "平时成绩_达成度": 0
    },
    "目标2": {
        "平时成绩_平均值": 0,
        "平时成绩_达成度": 0,
        "期末考试_平均值": 37.666666666666664,
        "期末考试_达成度": 0.18833333333333332
    },
    "平均总成绩": 36.333333333333336,
    "中位数": 36.5,
    "标准差": 9.75106831754005,
    "最高分": 46.0,
    "最低分": 26.5,
    "学生总数": 3,
    "未参加考试人数": 0,
    "参加考试人数": 3,
    "成绩分布": {
        "优秀": {
            "人数": 0,
            "占比": 0.0
        },
        "良好": {
            "人数": 0,
            "占比": 0.0
        },
        "中等": {
            "人数": 0,
            "占比": 0.0
        },
        "及格": {
            "人数": 0,
            "占比": 0.0
        },
        "不及格": {
            "人数": 3,
            "占比": 100.0
        }
    }
}