{
    "目标1": {
        "平时成绩_平均值": 0,
        "平时成绩_达成度": 0,
        "期末考试_平均值": 55.333333333333336,
        "期末考试_达成度": 1.1066666666666667
    },
    "目标2": {
        "期末考试_平均值": 14.666666666666666,
        "期末考试_达成度": 0.29333333333333333
    },
    "平均总成绩": 35.0,
    "中位数": 34.5,
    "标准差": 11.757976016304847,
    "最高分": 47.0,
    "最低分": 23.5,
    "学生总数": 3,
    "未参加考试人数": 0,
    "参加考试人数": 3,
    "成绩分布": {
        "优秀": {
            "人数": 0,
            "占比": 0.0
        },
        "良好": {
            "人数": 0,
            "占比": 0.0
        },
        "中等": {
            "人数": 0,
            "占比": 0.0
        },
        "及格": {
            "人数": 0,
            "占比": 0.0
        },
        "不及格": {
            "人数": 3,
            "占比": 100.0
        }
    }
}