{
    "课程目标1": {
        "平时成绩_平均值": 84.8,
        "平时成绩_达成度": 0.848,
        "期末考试_平均值": 33.14999999999999,
        "期末考试_达成度": 0.8287499999999998
    },
    "课程目标2": {
        "期末考试_平均值": 27.26,
        "期末考试_达成度": 0.8260606060606062
    },
    "课程目标3": {
        "上机成绩_平均值": 17.3,
        "上机成绩_达成度": 0.865,
        "期末考试_平均值": 21.99,
        "期末考试_达成度": 0.8144444444444445
    },
    "课程目标4": {
        "上机成绩_平均值": 69.2,
        "上机成绩_达成度": 0.865
    },
    "总成绩": {
        "平均值": 83.54499999999999,
        "中位值": 83.42,
        "标准差": 2.081528551596423,
        "最高分": 86.41,
        "最低分": 81.03999999999999
    },
    "人数统计": {
        "总人数": 10,
        "未参加考试人数": 0,
        "参加考试人数": 10
    },
    "成绩分布": {
        "优秀": {
            "人数": 0,
            "占比": 0.0
        },
        "良好": {
            "人数": 10,
            "占比": 100.0
        },
        "中等": {
            "人数": 0,
            "占比": 0.0
        },
        "及格": {
            "人数": 0,
            "占比": 0.0
        },
        "不及格": {
            "人数": 0,
            "占比": 0.0
        }
    }
}