{
    "目标1": {
        "平时成绩_平均值": 0,
        "平时成绩_达成度": 0,
        "期末考试_平均值": 58.666666666666664,
        "期末考试_达成度": 0.5866666666666667
    },
    "目标2": {
        "期末考试_平均值": 15.666666666666666,
        "期末考试_达成度": 0.15666666666666665
    },
    "平均总成绩": 37.166666666666664,
    "中位数": 40.5,
    "标准差": 10.88959748261309,
    "最高分": 46.0,
    "最低分": 25.0,
    "学生总数": 3,
    "未参加考试人数": 0,
    "参加考试人数": 3,
    "成绩分布": {
        "优秀": {
            "人数": 0,
            "占比": 0.0
        },
        "良好": {
            "人数": 0,
            "占比": 0.0
        },
        "中等": {
            "人数": 0,
            "占比": 0.0
        },
        "及格": {
            "人数": 0,
            "占比": 0.0
        },
        "不及格": {
            "人数": 3,
            "占比": 100.0
        }
    }
}