{
    "课程目标1": {
        "平时成绩_平均值": 82.9,
        "平时成绩_达成度": 0.8290000000000001,
        "期末考试_平均值": 32.88000000000001,
        "期末考试_达成度": 0.8220000000000003
    },
    "课程目标2": {
        "期末考试_平均值": 27.55,
        "期末考试_达成度": 0.8348484848484848
    },
    "课程目标3": {
        "上机成绩_平均值": 18.0,
        "上机成绩_达成度": 0.9,
        "期末考试_平均值": 22.549999999999997,
        "期末考试_达成度": 0.8351851851851851
    },
    "课程目标4": {
        "上机成绩_平均值": 72.0,
        "上机成绩_达成度": 0.9
    },
    "总成绩": {
        "平均值": 84.731,
        "中位值": 85.11,
        "标准差": 1.6466899458543394,
        "最高分": 87.03,
        "最低分": 81.77000000000001
    },
    "人数统计": {
        "总人数": 10,
        "未参加考试人数": 0,
        "参加考试人数": 10
    },
    "成绩分布": {
        "优秀": {
            "人数": 0,
            "占比": 0.0
        },
        "良好": {
            "人数": 10,
            "占比": 100.0
        },
        "中等": {
            "人数": 0,
            "占比": 0.0
        },
        "及格": {
            "人数": 0,
            "占比": 0.0
        },
        "不及格": {
            "人数": 0,
            "占比": 0.0
        }
    }
}