{
    "目标1": {
        "平时成绩_平均值": 0,
        "平时成绩_达成度": 0,
        "期末考试_平均值": 47.666666666666664,
        "期末考试_达成度": 0.4766666666666666
    },
    "目标2": {
        "期末考试_平均值": 24.666666666666668,
        "期末考试_达成度": 0.24666666666666667
    },
    "平均总成绩": 36.166666666666664,
    "中位数": 35.0,
    "标准差": 9.80221063502174,
    "最高分": 46.5,
    "最低分": 27.0,
    "学生总数": 3,
    "未参加考试人数": 0,
    "参加考试人数": 3,
    "成绩分布": {
        "优秀": {
            "人数": 0,
            "占比": 0.0
        },
        "良好": {
            "人数": 0,
            "占比": 0.0
        },
        "中等": {
            "人数": 0,
            "占比": 0.0
        },
        "及格": {
            "人数": 0,
            "占比": 0.0
        },
        "不及格": {
            "人数": 3,
            "占比": 100.0
        }
    }
}