{
    "课程目标1": {
        "平时成绩_平均值": 87.0,
        "平时成绩_达成度": 0.87,
        "期末考试_平均值": 32.75,
        "期末考试_达成度": 0.81875
    },
    "课程目标2": {
        "期末考试_平均值": 26.97,
        "期末考试_达成度": 0.8172727272727273
    },
    "课程目标3": {
        "上机成绩_平均值": 17.98,
        "上机成绩_达成度": 0.899,
        "期末考试_平均值": 22.23,
        "期末考试_达成度": 0.8233333333333335
    },
    "课程目标4": {
        "上机成绩_平均值": 71.92,
        "上机成绩_达成度": 0.899
    },
    "总成绩": {
        "平均值": 84.19000000000001,
        "中位值": 84.13499999999999,
        "标准差": 0.8795327042116047,
        "最高分": 85.47,
        "最低分": 82.8
    },
    "人数统计": {
        "总人数": 10,
        "未参加考试人数": 0,
        "参加考试人数": 10
    },
    "成绩分布": {
        "优秀": {
            "人数": 0,
            "占比": 0.0
        },
        "良好": {
            "人数": 10,
            "占比": 100.0
        },
        "中等": {
            "人数": 0,
            "占比": 0.0
        },
        "及格": {
            "人数": 0,
            "占比": 0.0
        },
        "不及格": {
            "人数": 0,
            "占比": 0.0
        }
    }
}