{
    "目标1": {
        "平时成绩_平均值": 0,
        "平时成绩_达成度": 0
    },
    "目标2": {
        "平时成绩_平均值": 0,
        "平时成绩_达成度": 0,
        "期末考试_平均值": 14.333333333333334,
        "期末考试_达成度": 0.14333333333333334
    },
    "平均总成绩": 34.333333333333336,
    "中位数": 34.5,
    "标准差": 11.250925887825113,
    "最高分": 45.5,
    "最低分": 23.0,
    "学生总数": 3,
    "未参加考试人数": 0,
    "参加考试人数": 3,
    "成绩分布": {
        "优秀": {
            "人数": 0,
            "占比": 0.0
        },
        "良好": {
            "人数": 0,
            "占比": 0.0
        },
        "中等": {
            "人数": 0,
            "占比": 0.0
        },
        "及格": {
            "人数": 0,
            "占比": 0.0
        },
        "不及格": {
            "人数": 3,
            "占比": 100.0
        }
    }
}