{
    "目标1": {
        "平时成绩_平均值": 40.833333333333336,
        "平时成绩_达成度": 0.8166666666666668
    },
    "目标2": {
        "平时成绩_平均值": 40.833333333333336,
        "平时成绩_达成度": 0.8166666666666668,
        "期末考试_平均值": 34.333333333333336,
        "期末考试_达成度": 0.3433333333333334
    },
    "平均总成绩": 75.83333333333333,
    "中位数": 75.5,
    "标准差": 21.001984033260605,
    "最高分": 97.0,
    "最低分": 55.0,
    "学生总数": 3,
    "未参加考试人数": 0,
    "参加考试人数": 3,
    "成绩分布": {
        "优秀": {
            "人数": 1,
            "占比": 33.33333333333333
        },
        "良好": {
            "人数": 0,
            "占比": 0.0
        },
        "中等": {
            "人数": 1,
            "占比": 33.33333333333333
        },
        "及格": {
            "人数": 0,
            "占比": 0.0
        },
        "不及格": {
            "人数": 1,
            "占比": 33.33333333333333
        }
    }
}