{
    "课程目标1": {
        "平时成绩_平均值": 85.1,
        "平时成绩_达成度": 0.851,
        "期末考试_平均值": 33.12,
        "期末考试_达成度": 0.828
    },
    "课程目标2": {
        "期末考试_平均值": 26.82,
        "期末考试_达成度": 0.8127272727272727
    },
    "课程目标3": {
        "上机成绩_平均值": 17.4,
        "上机成绩_达成度": 0.8699999999999999,
        "期末考试_平均值": 23.23,
        "期末考试_达成度": 0.8603703703703705
    },
    "课程目标4": {
        "上机成绩_平均值": 69.6,
        "上机成绩_达成度": 0.8699999999999999
    },
    "总成绩": {
        "平均值": 84.22399999999999,
        "中位值": 84.705,
        "标准差": 1.8765464733564852,
        "最高分": 87.5,
        "最低分": 81.64
    },
    "人数统计": {
        "总人数": 10,
        "未参加考试人数": 0,
        "参加考试人数": 10
    },
    "成绩分布": {
        "优秀": {
            "人数": 0,
            "占比": 0.0
        },
        "良好": {
            "人数": 10,
            "占比": 100.0
        },
        "中等": {
            "人数": 0,
            "占比": 0.0
        },
        "及格": {
            "人数": 0,
            "占比": 0.0
        },
        "不及格": {
            "人数": 0,
            "占比": 0.0
        }
    }
}