{
    "课程目标1": {
        "平时成绩_平均值": 88.3,
        "平时成绩_达成度": 0.883,
        "期末考试_平均值": 33.07000000000001,
        "期末考试_达成度": 0.8267500000000002
    },
    "课程目标2": {
        "期末考试_平均值": 26.910000000000004,
        "期末考试_达成度": 0.8154545454545455
    },
    "课程目标3": {
        "上机成绩_平均值": 17.660000000000004,
        "上机成绩_达成度": 0.8830000000000002,
        "期末考试_平均值": 22.58,
        "期末考试_达成度": 0.8362962962962963
    },
    "课程目标4": {
        "上机成绩_平均值": 70.64000000000001,
        "上机成绩_达成度": 0.8830000000000002
    },
    "总成绩": {
        "平均值": 84.282,
        "中位值": 83.66,
        "标准差": 1.7173933736916547,
        "最高分": 87.64,
        "最低分": 82.4
    },
    "人数统计": {
        "总人数": 10,
        "未参加考试人数": 0,
        "参加考试人数": 10
    },
    "成绩分布": {
        "优秀": {
            "人数": 0,
            "占比": 0.0
        },
        "良好": {
            "人数": 10,
            "占比": 100.0
        },
        "中等": {
            "人数": 0,
            "占比": 0.0
        },
        "及格": {
            "人数": 0,
            "占比": 0.0
        },
        "不及格": {
            "人数": 0,
            "占比": 0.0
        }
    }
}