{
    "课程目标1": {
        "平时成绩_平均值": 87.2,
        "平时成绩_达成度": 0.872,
        "期末考试_平均值": 32.88,
        "期末考试_达成度": 0.8220000000000001
    },
    "课程目标2": {
        "期末考试_平均值": 27.5,
        "期末考试_达成度": 0.8333333333333334
    },
    "课程目标3": {
        "上机成绩_平均值": 17.32,
        "上机成绩_达成度": 0.866,
        "期末考试_平均值": 22.59,
        "期末考试_达成度": 0.8366666666666668
    },
    "课程目标4": {
        "上机成绩_平均值": 69.28,
        "上机成绩_达成度": 0.866
    },
    "总成绩": {
        "平均值": 84.089,
        "中位值": 84.16,
        "标准差": 1.5325465372669382,
        "最高分": 86.24,
        "最低分": 81.71000000000001
    },
    "人数统计": {
        "总人数": 10,
        "未参加考试人数": 0,
        "参加考试人数": 10
    },
    "成绩分布": {
        "优秀": {
            "人数": 0,
            "占比": 0.0
        },
        "良好": {
            "人数": 10,
            "占比": 100.0
        },
        "中等": {
            "人数": 0,
            "占比": 0.0
        },
        "及格": {
            "人数": 0,
            "占比": 0.0
        },
        "不及格": {
            "人数": 0,
            "占比": 0.0
        }
    }
}